{
  "ee": {
    "value": 0.42122708282981736,
    "error": 0.004546404872355208
  },
  "mumu": {
    "value": 0.633670545178331,
    "error": 0.005978499915850637
  }
}