{
  "ee": {
    "value": 0.42045623974951546,
    "error": 0.005448156193515542
  },
  "mumu": {
    "value": 0.6426618955320312,
    "error": 0.007243368603299639
  }
}