{
  "ee": {
    "value": 0.38880248833592534,
    "error": 0.005795745011183492
  },
  "mumu": {
    "value": 0.6405598755832037,
    "error": 0.00808537965819358
  }
}